Strategy variant,Rebalance date,Effective date,Selected ETFs,Previous weights,New weights,Turnover,Cost bps,Cost as portfolio return,Execution model
Top 1 momentum,1999-09-30,1999-10-01,XLI,cash,XLI:1.000000,1.0000000000,5.0000000000,0.0005000000,close-to-close same-close approximation
Top 1 momentum,1999-10-29,1999-11-01,QQQ,XLI:1.000000,QQQ:1.000000,2.0000000000,5.0000000000,0.0010000000,close-to-close same-close approximation
Top 1 momentum,2000-05-31,2000-06-01,XLE,QQQ:1.000000,XLE:1.000000,2.0000000000,5.0000000000,0.0010000000,close-to-close same-close approximation
Top 1 momentum,2000-07-31,2000-08-01,XLF,XLE:1.000000,XLF:1.000000,2.0000000000,5.0000000000,0.0010000000,close-to-close same-close approximation
Top 1 momentum,2000-09-29,2000-10-02,XLU,XLF:1.000000,XLU:1.000000,2.0000000000,5.0000000000,0.0010000000,close-to-close same-close approximation
Top 1 momentum,2000-12-29,2001-01-02,XLF,XLU:1.000000,XLF:1.000000,2.0000000000,5.0000000000,0.0010000000,close-to-close same-close approximation
Top 1 momentum,2001-02-28,2001-03-01,XLU,XLF:1.000000,XLU:1.000000,2.0000000000,5.0000000000,0.0010000000,close-to-close same-close approximation
Top 1 momentum,2001-03-30,2001-04-02,XLB,XLU:1.000000,XLB:1.000000,2.0000000000,5.0000000000,0.0010000000,close-to-close same-close approximation
Top 1 momentum,2001-06-29,2001-07-02,XLY,XLB:1.000000,XLY:1.000000,2.0000000000,5.0000000000,0.0010000000,close-to-close same-close approximation
Top 1 momentum,2001-07-31,2001-08-01,XLB,XLY:1.000000,XLB:1.000000,2.0000000000,5.0000000000,0.0010000000,close-to-close same-close approximation
Top 1 momentum,2001-08-31,2001-09-04,XLY,XLB:1.000000,XLY:1.000000,2.0000000000,5.0000000000,0.0010000000,close-to-close same-close approximation
Top 1 momentum,2001-09-28,2001-10-01,XLP,XLY:1.000000,XLP:1.000000,2.0000000000,5.0000000000,0.0010000000,close-to-close same-close approximation
Top 1 momentum,2001-12-31,2002-01-02,XLY,XLP:1.000000,XLY:1.000000,2.0000000000,5.0000000000,0.0010000000,close-to-close same-close approximation
Top 1 momentum,2002-04-30,2002-05-01,XLV,XLY:1.000000,XLV:1.000000,2.0000000000,5.0000000000,0.0010000000,close-to-close same-close approximation
Top 1 momentum,2002-06-28,2002-07-01,XLB,XLV:1.000000,XLB:1.000000,2.0000000000,5.0000000000,0.0010000000,close-to-close same-close approximation
Top 1 momentum,2002-07-31,2002-08-01,XLV,XLB:1.000000,XLV:1.000000,2.0000000000,5.0000000000,0.0010000000,close-to-close same-close approximation
Top 1 momentum,2002-11-29,2002-12-02,XLK,XLV:1.000000,XLK:1.000000,2.0000000000,5.0000000000,0.0010000000,close-to-close same-close approximation
Top 1 momentum,2002-12-31,2003-01-02,XLV,XLK:1.000000,XLV:1.000000,2.0000000000,5.0000000000,0.0010000000,close-to-close same-close approximation
Top 1 momentum,2003-01-31,2003-02-03,QQQ,XLV:1.000000,QQQ:1.000000,2.0000000000,5.0000000000,0.0010000000,close-to-close same-close approximation
Top 1 momentum,2003-04-30,2003-05-01,XLU,QQQ:1.000000,XLU:1.000000,2.0000000000,5.0000000000,0.0010000000,close-to-close same-close approximation
Top 1 momentum,2003-06-30,2003-07-01,QQQ,XLU:1.000000,QQQ:1.000000,2.0000000000,5.0000000000,0.0010000000,close-to-close same-close approximation
Top 1 momentum,2003-12-31,2004-01-02,XLB,QQQ:1.000000,XLB:1.000000,2.0000000000,5.0000000000,0.0010000000,close-to-close same-close approximation
Top 1 momentum,2004-01-30,2004-02-02,XLE,XLB:1.000000,XLE:1.000000,2.0000000000,5.0000000000,0.0010000000,close-to-close same-close approximation
Top 1 momentum,2004-12-31,2005-01-03,XLU,XLE:1.000000,XLU:1.000000,2.0000000000,5.0000000000,0.0010000000,close-to-close same-close approximation
Top 1 momentum,2005-02-28,2005-03-01,XLE,XLU:1.000000,XLE:1.000000,2.0000000000,5.0000000000,0.0010000000,close-to-close same-close approximation
Top 1 momentum,2005-12-30,2006-01-03,XLB,XLE:1.000000,XLB:1.000000,2.0000000000,5.0000000000,0.0010000000,close-to-close same-close approximation
Top 1 momentum,2006-01-31,2006-02-01,XLE,XLB:1.000000,XLE:1.000000,2.0000000000,5.0000000000,0.0010000000,close-to-close same-close approximation
Top 1 momentum,2006-02-28,2006-03-01,XLB,XLE:1.000000,XLB:1.000000,2.0000000000,5.0000000000,0.0010000000,close-to-close same-close approximation
Top 1 momentum,2006-05-31,2006-06-01,XLE,XLB:1.000000,XLE:1.000000,2.0000000000,5.0000000000,0.0010000000,close-to-close same-close approximation
Top 1 momentum,2006-07-31,2006-08-01,XLU,XLE:1.000000,XLU:1.000000,2.0000000000,5.0000000000,0.0010000000,close-to-close same-close approximation
Top 1 momentum,2006-08-31,2006-09-01,XLP,XLU:1.000000,XLP:1.000000,2.0000000000,5.0000000000,0.0010000000,close-to-close same-close approximation
Top 1 momentum,2006-09-29,2006-10-02,XLU,XLP:1.000000,XLU:1.000000,2.0000000000,5.0000000000,0.0010000000,close-to-close same-close approximation
Top 1 momentum,2007-01-31,2007-02-01,XLY,XLU:1.000000,XLY:1.000000,2.0000000000,5.0000000000,0.0010000000,close-to-close same-close approximation
Top 1 momentum,2007-02-28,2007-03-01,XLB,XLY:1.000000,XLB:1.000000,2.0000000000,5.0000000000,0.0010000000,close-to-close same-close approximation
Top 1 momentum,2007-06-29,2007-07-02,XLE,XLB:1.000000,XLE:1.000000,2.0000000000,5.0000000000,0.0010000000,close-to-close same-close approximation
Top 1 momentum,2007-11-30,2007-12-03,QQQ,XLE:1.000000,QQQ:1.000000,2.0000000000,5.0000000000,0.0010000000,close-to-close same-close approximation
Top 1 momentum,2007-12-31,2008-01-02,XLE,QQQ:1.000000,XLE:1.000000,2.0000000000,5.0000000000,0.0010000000,close-to-close same-close approximation
Top 1 momentum,2008-01-31,2008-02-01,XLP,XLE:1.000000,XLP:1.000000,2.0000000000,5.0000000000,0.0010000000,close-to-close same-close approximation
Top 1 momentum,2008-02-29,2008-03-03,XLE,XLP:1.000000,XLE:1.000000,2.0000000000,5.0000000000,0.0010000000,close-to-close same-close approximation
Top 1 momentum,2008-03-31,2008-04-01,XLP,XLE:1.000000,XLP:1.000000,2.0000000000,5.0000000000,0.0010000000,close-to-close same-close approximation
Top 1 momentum,2008-04-30,2008-05-01,XLE,XLP:1.000000,XLE:1.000000,2.0000000000,5.0000000000,0.0010000000,close-to-close same-close approximation
Top 1 momentum,2008-08-29,2008-09-02,QQQ,XLE:1.000000,QQQ:1.000000,2.0000000000,5.0000000000,0.0010000000,close-to-close same-close approximation
Top 1 momentum,2008-09-30,2008-10-01,XLP,QQQ:1.000000,XLP:1.000000,2.0000000000,5.0000000000,0.0010000000,close-to-close same-close approximation
Top 1 momentum,2009-01-30,2009-02-02,XLV,XLP:1.000000,XLV:1.000000,2.0000000000,5.0000000000,0.0010000000,close-to-close same-close approximation
Top 1 momentum,2009-02-27,2009-03-02,XLP,XLV:1.000000,XLP:1.000000,2.0000000000,5.0000000000,0.0010000000,close-to-close same-close approximation
Top 1 momentum,2009-03-31,2009-04-01,XLK,XLP:1.000000,XLK:1.000000,2.0000000000,5.0000000000,0.0010000000,close-to-close same-close approximation
Top 1 momentum,2009-04-30,2009-05-01,XLY,XLK:1.000000,XLY:1.000000,2.0000000000,5.0000000000,0.0010000000,close-to-close same-close approximation
Top 1 momentum,2009-05-29,2009-06-01,QQQ,XLY:1.000000,QQQ:1.000000,2.0000000000,5.0000000000,0.0010000000,close-to-close same-close approximation
Top 1 momentum,2009-07-31,2009-08-03,XLF,QQQ:1.000000,XLF:1.000000,2.0000000000,5.0000000000,0.0010000000,close-to-close same-close approximation
Top 1 momentum,2009-12-31,2010-01-04,XLY,XLF:1.000000,XLY:1.000000,2.0000000000,5.0000000000,0.0010000000,close-to-close same-close approximation
Top 1 momentum,2010-01-29,2010-02-01,XLI,XLY:1.000000,XLI:1.000000,2.0000000000,5.0000000000,0.0010000000,close-to-close same-close approximation
Top 1 momentum,2010-02-26,2010-03-01,XLY,XLI:1.000000,XLY:1.000000,2.0000000000,5.0000000000,0.0010000000,close-to-close same-close approximation
Top 1 momentum,2010-06-30,2010-07-01,XLI,XLY:1.000000,XLI:1.000000,2.0000000000,5.0000000000,0.0010000000,close-to-close same-close approximation
Top 1 momentum,2010-08-31,2010-09-01,XLU,XLI:1.000000,XLU:1.000000,2.0000000000,5.0000000000,0.0010000000,close-to-close same-close approximation
Top 1 momentum,2010-10-29,2010-11-01,QQQ,XLU:1.000000,QQQ:1.000000,2.0000000000,5.0000000000,0.0010000000,close-to-close same-close approximation
Top 1 momentum,2010-11-30,2010-12-01,XLE,QQQ:1.000000,XLE:1.000000,2.0000000000,5.0000000000,0.0010000000,close-to-close same-close approximation
Top 1 momentum,2010-12-31,2011-01-03,XLB,XLE:1.000000,XLB:1.000000,2.0000000000,5.0000000000,0.0010000000,close-to-close same-close approximation
Top 1 momentum,2011-01-31,2011-02-01,XLE,XLB:1.000000,XLE:1.000000,2.0000000000,5.0000000000,0.0010000000,close-to-close same-close approximation
Top 1 momentum,2011-06-30,2011-07-01,XLV,XLE:1.000000,XLV:1.000000,2.0000000000,5.0000000000,0.0010000000,close-to-close same-close approximation
Top 1 momentum,2011-08-31,2011-09-01,XLU,XLV:1.000000,XLU:1.000000,2.0000000000,5.0000000000,0.0010000000,close-to-close same-close approximation
Top 1 momentum,2012-01-31,2012-02-01,XLV,XLU:1.000000,XLV:1.000000,2.0000000000,5.0000000000,0.0010000000,close-to-close same-close approximation
Top 1 momentum,2012-02-29,2012-03-01,XLK,XLV:1.000000,XLK:1.000000,2.0000000000,5.0000000000,0.0010000000,close-to-close same-close approximation
Top 1 momentum,2012-03-30,2012-04-02,XLF,XLK:1.000000,XLF:1.000000,2.0000000000,5.0000000000,0.0010000000,close-to-close same-close approximation
Top 1 momentum,2012-04-30,2012-05-01,XLY,XLF:1.000000,XLY:1.000000,2.0000000000,5.0000000000,0.0010000000,close-to-close same-close approximation
Top 1 momentum,2012-05-31,2012-06-01,XLF,XLY:1.000000,XLF:1.000000,2.0000000000,5.0000000000,0.0010000000,close-to-close same-close approximation
Top 1 momentum,2012-06-29,2012-07-02,QQQ,XLF:1.000000,QQQ:1.000000,2.0000000000,5.0000000000,0.0010000000,close-to-close same-close approximation
Top 1 momentum,2012-07-31,2012-08-01,XLP,QQQ:1.000000,XLP:1.000000,2.0000000000,5.0000000000,0.0010000000,close-to-close same-close approximation
Top 1 momentum,2012-08-31,2012-09-04,XLV,XLP:1.000000,XLV:1.000000,2.0000000000,5.0000000000,0.0010000000,close-to-close same-close approximation
Top 1 momentum,2012-11-30,2012-12-03,XLF,XLV:1.000000,XLF:1.000000,2.0000000000,5.0000000000,0.0010000000,close-to-close same-close approximation
Top 1 momentum,2013-04-30,2013-05-01,XLY,XLF:1.000000,XLY:1.000000,2.0000000000,5.0000000000,0.0010000000,close-to-close same-close approximation
Top 1 momentum,2013-05-31,2013-06-03,XLF,XLY:1.000000,XLF:1.000000,2.0000000000,5.0000000000,0.0010000000,close-to-close same-close approximation
Top 1 momentum,2013-06-28,2013-07-01,XLY,XLF:1.000000,XLY:1.000000,2.0000000000,5.0000000000,0.0010000000,close-to-close same-close approximation
Top 1 momentum,2013-07-31,2013-08-01,XLV,XLY:1.000000,XLV:1.000000,2.0000000000,5.0000000000,0.0010000000,close-to-close same-close approximation
Top 1 momentum,2013-09-30,2013-10-01,XLY,XLV:1.000000,XLY:1.000000,2.0000000000,5.0000000000,0.0010000000,close-to-close same-close approximation
Top 1 momentum,2013-10-31,2013-11-01,XLI,XLY:1.000000,XLI:1.000000,2.0000000000,5.0000000000,0.0010000000,close-to-close same-close approximation
Top 1 momentum,2013-11-29,2013-12-02,QQQ,XLI:1.000000,QQQ:1.000000,2.0000000000,5.0000000000,0.0010000000,close-to-close same-close approximation
Top 1 momentum,2013-12-31,2014-01-02,XLI,QQQ:1.000000,XLI:1.000000,2.0000000000,5.0000000000,0.0010000000,close-to-close same-close approximation
Top 1 momentum,2014-01-31,2014-02-03,QQQ,XLI:1.000000,QQQ:1.000000,2.0000000000,5.0000000000,0.0010000000,close-to-close same-close approximation
Top 1 momentum,2014-02-28,2014-03-03,XLV,QQQ:1.000000,XLV:1.000000,2.0000000000,5.0000000000,0.0010000000,close-to-close same-close approximation
Top 1 momentum,2014-04-30,2014-05-01,XLU,XLV:1.000000,XLU:1.000000,2.0000000000,5.0000000000,0.0010000000,close-to-close same-close approximation
Top 1 momentum,2014-07-31,2014-08-01,XLE,XLU:1.000000,XLE:1.000000,2.0000000000,5.0000000000,0.0010000000,close-to-close same-close approximation
Top 1 momentum,2014-09-30,2014-10-01,QQQ,XLE:1.000000,QQQ:1.000000,2.0000000000,5.0000000000,0.0010000000,close-to-close same-close approximation
Top 1 momentum,2014-10-31,2014-11-03,XLV,QQQ:1.000000,XLV:1.000000,2.0000000000,5.0000000000,0.0010000000,close-to-close same-close approximation
Top 1 momentum,2014-12-31,2015-01-02,XLU,XLV:1.000000,XLU:1.000000,2.0000000000,5.0000000000,0.0010000000,close-to-close same-close approximation
Top 1 momentum,2015-02-27,2015-03-02,XLV,XLU:1.000000,XLV:1.000000,2.0000000000,5.0000000000,0.0010000000,close-to-close same-close approximation
Top 1 momentum,2015-04-30,2015-05-01,XLY,XLV:1.000000,XLY:1.000000,2.0000000000,5.0000000000,0.0010000000,close-to-close same-close approximation
Top 1 momentum,2015-05-29,2015-06-01,XLV,XLY:1.000000,XLV:1.000000,2.0000000000,5.0000000000,0.0010000000,close-to-close same-close approximation
Top 1 momentum,2015-07-31,2015-08-03,XLY,XLV:1.000000,XLY:1.000000,2.0000000000,5.0000000000,0.0010000000,close-to-close same-close approximation
Top 1 momentum,2015-12-31,2016-01-04,XLP,XLY:1.000000,XLP:1.000000,2.0000000000,5.0000000000,0.0010000000,close-to-close same-close approximation
Top 1 momentum,2016-01-29,2016-02-01,XLU,XLP:1.000000,XLU:1.000000,2.0000000000,5.0000000000,0.0010000000,close-to-close same-close approximation
Top 1 momentum,2016-07-29,2016-08-01,XLB,XLU:1.000000,XLB:1.000000,2.0000000000,5.0000000000,0.0010000000,close-to-close same-close approximation
Top 1 momentum,2016-08-31,2016-09-01,XLE,XLB:1.000000,XLE:1.000000,2.0000000000,5.0000000000,0.0010000000,close-to-close same-close approximation
Top 1 momentum,2016-10-31,2016-11-01,XLK,XLE:1.000000,XLK:1.000000,2.0000000000,5.0000000000,0.0010000000,close-to-close same-close approximation
Top 1 momentum,2016-11-30,2016-12-01,XLF,XLK:1.000000,XLF:1.000000,2.0000000000,5.0000000000,0.0010000000,close-to-close same-close approximation
Top 1 momentum,2017-05-31,2017-06-01,QQQ,XLF:1.000000,QQQ:1.000000,2.0000000000,5.0000000000,0.0010000000,close-to-close same-close approximation
Top 1 momentum,2017-07-31,2017-08-01,XLV,QQQ:1.000000,XLV:1.000000,2.0000000000,5.0000000000,0.0010000000,close-to-close same-close approximation
Top 1 momentum,2017-08-31,2017-09-01,XLK,XLV:1.000000,XLK:1.000000,2.0000000000,5.0000000000,0.0010000000,close-to-close same-close approximation
Top 1 momentum,2017-11-30,2017-12-01,XLF,XLK:1.000000,XLF:1.000000,2.0000000000,5.0000000000,0.0010000000,close-to-close same-close approximation
Top 1 momentum,2017-12-29,2018-01-02,XLK,XLF:1.000000,XLK:1.000000,2.0000000000,5.0000000000,0.0010000000,close-to-close same-close approximation
Top 1 momentum,2018-03-29,2018-04-02,XLY,XLK:1.000000,XLY:1.000000,2.0000000000,5.0000000000,0.0010000000,close-to-close same-close approximation
Top 1 momentum,2018-05-31,2018-06-01,XLE,XLY:1.000000,XLE:1.000000,2.0000000000,5.0000000000,0.0010000000,close-to-close same-close approximation
Top 1 momentum,2018-06-29,2018-07-02,XLY,XLE:1.000000,XLY:1.000000,2.0000000000,5.0000000000,0.0010000000,close-to-close same-close approximation
Top 1 momentum,2018-07-31,2018-08-01,XLU,XLY:1.000000,XLU:1.000000,2.0000000000,5.0000000000,0.0010000000,close-to-close same-close approximation
Top 1 momentum,2018-08-31,2018-09-04,XLY,XLU:1.000000,XLY:1.000000,2.0000000000,5.0000000000,0.0010000000,close-to-close same-close approximation
Top 1 momentum,2018-09-28,2018-10-01,XLV,XLY:1.000000,XLV:1.000000,2.0000000000,5.0000000000,0.0010000000,close-to-close same-close approximation
Top 1 momentum,2018-10-31,2018-11-01,XLP,XLV:1.000000,XLP:1.000000,2.0000000000,5.0000000000,0.0010000000,close-to-close same-close approximation
Top 1 momentum,2018-11-30,2018-12-03,XLV,XLP:1.000000,XLV:1.000000,2.0000000000,5.0000000000,0.0010000000,close-to-close same-close approximation
Top 1 momentum,2019-01-31,2019-02-01,XLU,XLV:1.000000,XLU:1.000000,2.0000000000,5.0000000000,0.0010000000,close-to-close same-close approximation
Top 1 momentum,2019-04-30,2019-05-01,XLK,XLU:1.000000,XLK:1.000000,2.0000000000,5.0000000000,0.0010000000,close-to-close same-close approximation
Top 1 momentum,2019-08-30,2019-09-03,XLP,XLK:1.000000,XLP:1.000000,2.0000000000,5.0000000000,0.0010000000,close-to-close same-close approximation
Top 1 momentum,2019-09-30,2019-10-01,XLU,XLP:1.000000,XLU:1.000000,2.0000000000,5.0000000000,0.0010000000,close-to-close same-close approximation
Top 1 momentum,2019-11-29,2019-12-02,XLK,XLU:1.000000,XLK:1.000000,2.0000000000,5.0000000000,0.0010000000,close-to-close same-close approximation
Top 1 momentum,2020-03-31,2020-04-01,QQQ,XLK:1.000000,QQQ:1.000000,2.0000000000,5.0000000000,0.0010000000,close-to-close same-close approximation
Top 1 momentum,2020-09-30,2020-10-01,XLY,QQQ:1.000000,XLY:1.000000,2.0000000000,5.0000000000,0.0010000000,close-to-close same-close approximation
Top 1 momentum,2020-11-30,2020-12-01,XLI,XLY:1.000000,XLI:1.000000,2.0000000000,5.0000000000,0.0010000000,close-to-close same-close approximation
Top 1 momentum,2020-12-31,2021-01-04,XLF,XLI:1.000000,XLF:1.000000,2.0000000000,5.0000000000,0.0010000000,close-to-close same-close approximation
Top 1 momentum,2021-02-26,2021-03-01,XLE,XLF:1.000000,XLE:1.000000,2.0000000000,5.0000000000,0.0010000000,close-to-close same-close approximation
Top 1 momentum,2021-08-31,2021-09-01,XLK,XLE:1.000000,XLK:1.000000,2.0000000000,5.0000000000,0.0010000000,close-to-close same-close approximation
Top 1 momentum,2022-01-31,2022-02-01,XLE,XLK:1.000000,XLE:1.000000,2.0000000000,5.0000000000,0.0010000000,close-to-close same-close approximation
Top 1 momentum,2022-11-30,2022-12-01,XLI,XLE:1.000000,XLI:1.000000,2.0000000000,5.0000000000,0.0010000000,close-to-close same-close approximation
Top 1 momentum,2022-12-30,2023-01-03,XLE,XLI:1.000000,XLE:1.000000,2.0000000000,5.0000000000,0.0010000000,close-to-close same-close approximation
Top 1 momentum,2023-02-28,2023-03-01,XLF,XLE:1.000000,XLF:1.000000,2.0000000000,5.0000000000,0.0010000000,close-to-close same-close approximation
Top 1 momentum,2023-03-31,2023-04-03,XLK,XLF:1.000000,XLK:1.000000,2.0000000000,5.0000000000,0.0010000000,close-to-close same-close approximation
Top 1 momentum,2023-08-31,2023-09-01,QQQ,XLK:1.000000,QQQ:1.000000,2.0000000000,5.0000000000,0.0010000000,close-to-close same-close approximation
Top 1 momentum,2023-11-30,2023-12-01,XLF,QQQ:1.000000,XLF:1.000000,2.0000000000,5.0000000000,0.0010000000,close-to-close same-close approximation
Top 1 momentum,2024-01-31,2024-02-01,XLK,XLF:1.000000,XLK:1.000000,2.0000000000,5.0000000000,0.0010000000,close-to-close same-close approximation
Top 1 momentum,2024-04-30,2024-05-01,XLF,XLK:1.000000,XLF:1.000000,2.0000000000,5.0000000000,0.0010000000,close-to-close same-close approximation
Top 1 momentum,2024-05-31,2024-06-03,XLU,XLF:1.000000,XLU:1.000000,2.0000000000,5.0000000000,0.0010000000,close-to-close same-close approximation
Top 1 momentum,2024-06-28,2024-07-01,XLK,XLU:1.000000,XLK:1.000000,2.0000000000,5.0000000000,0.0010000000,close-to-close same-close approximation
Top 1 momentum,2024-07-31,2024-08-01,XLU,XLK:1.000000,XLU:1.000000,2.0000000000,5.0000000000,0.0010000000,close-to-close same-close approximation
Top 1 momentum,2024-11-29,2024-12-02,XLY,XLU:1.000000,XLY:1.000000,2.0000000000,5.0000000000,0.0010000000,close-to-close same-close approximation
Top 1 momentum,2025-02-28,2025-03-03,XLF,XLY:1.000000,XLF:1.000000,2.0000000000,5.0000000000,0.0010000000,close-to-close same-close approximation
Top 1 momentum,2025-05-30,2025-06-02,QQQ,XLF:1.000000,QQQ:1.000000,2.0000000000,5.0000000000,0.0010000000,close-to-close same-close approximation
Top 1 momentum,2025-06-30,2025-07-01,XLI,QQQ:1.000000,XLI:1.000000,2.0000000000,5.0000000000,0.0010000000,close-to-close same-close approximation
Top 1 momentum,2025-07-31,2025-08-01,XLK,XLI:1.000000,XLK:1.000000,2.0000000000,5.0000000000,0.0010000000,close-to-close same-close approximation
Top 1 momentum,2025-12-31,2026-01-02,XLV,XLK:1.000000,XLV:1.000000,2.0000000000,5.0000000000,0.0010000000,close-to-close same-close approximation
Top 1 momentum,2026-02-27,2026-03-02,XLE,XLV:1.000000,XLE:1.000000,2.0000000000,5.0000000000,0.0010000000,close-to-close same-close approximation
Top 1 momentum,2026-05-29,2026-06-01,XLK,XLE:1.000000,XLK:1.000000,2.0000000000,5.0000000000,0.0010000000,close-to-close same-close approximation
Top 3 momentum,1999-09-30,1999-10-01,QQQ XLI XLE,cash,QQQ:0.333333; XLI:0.333333; XLE:0.333333,1.0000000000,5.0000000000,0.0005000000,close-to-close same-close approximation
Top 3 momentum,1999-10-29,1999-11-01,QQQ XLK XLU,QQQ:0.333333; XLI:0.333333; XLE:0.333333,QQQ:0.333333; XLK:0.333333; XLU:0.333333,1.3333333333,5.0000000000,0.0006666667,close-to-close same-close approximation
Top 3 momentum,1999-11-30,1999-12-01,SPY QQQ XLK,QQQ:0.333333; XLK:0.333333; XLU:0.333333,SPY:0.333333; QQQ:0.333333; XLK:0.333333,0.6666666667,5.0000000000,0.0003333333,close-to-close same-close approximation
Top 3 momentum,2000-01-31,2000-02-01,QQQ XLK XLV,SPY:0.333333; QQQ:0.333333; XLK:0.333333,QQQ:0.333333; XLK:0.333333; XLV:0.333333,0.6666666667,5.0000000000,0.0003333333,close-to-close same-close approximation
Top 3 momentum,2000-02-29,2000-03-01,SPY QQQ XLK,QQQ:0.333333; XLK:0.333333; XLV:0.333333,SPY:0.333333; QQQ:0.333333; XLK:0.333333,0.6666666667,5.0000000000,0.0003333333,close-to-close same-close approximation
Top 3 momentum,2000-04-28,2000-05-01,QQQ XLK XLV,SPY:0.333333; QQQ:0.333333; XLK:0.333333,QQQ:0.333333; XLK:0.333333; XLV:0.333333,0.6666666667,5.0000000000,0.0003333333,close-to-close same-close approximation
Top 3 momentum,2000-05-31,2000-06-01,QQQ XLI XLE,QQQ:0.333333; XLK:0.333333; XLV:0.333333,QQQ:0.333333; XLI:0.333333; XLE:0.333333,1.3333333333,5.0000000000,0.0006666667,close-to-close same-close approximation
Top 3 momentum,2000-06-30,2000-07-03,QQQ XLP XLE,QQQ:0.333333; XLI:0.333333; XLE:0.333333,QQQ:0.333333; XLP:0.333333; XLE:0.333333,0.6666666667,5.0000000000,0.0003333333,close-to-close same-close approximation
Top 3 momentum,2000-07-31,2000-08-01,XLF XLI XLE,QQQ:0.333333; XLP:0.333333; XLE:0.333333,XLF:0.333333; XLI:0.333333; XLE:0.333333,1.3333333333,5.0000000000,0.0006666667,close-to-close same-close approximation
Top 3 momentum,2000-09-29,2000-10-02,XLF XLP XLU,XLF:0.333333; XLI:0.333333; XLE:0.333333,XLF:0.333333; XLP:0.333333; XLU:0.333333,1.3333333333,5.0000000000,0.0006666667,close-to-close same-close approximation
Top 3 momentum,2001-01-31,2001-02-01,XLF XLI XLU,XLF:0.333333; XLP:0.333333; XLU:0.333333,XLF:0.333333; XLI:0.333333; XLU:0.333333,0.6666666667,5.0000000000,0.0003333333,close-to-close same-close approximation
Top 3 momentum,2001-02-28,2001-03-01,XLP XLU XLB,XLF:0.333333; XLI:0.333333; XLU:0.333333,XLP:0.333333; XLU:0.333333; XLB:0.333333,1.3333333333,5.0000000000,0.0006666667,close-to-close same-close approximation
Top 3 momentum,2001-03-30,2001-04-02,XLY XLU XLB,XLP:0.333333; XLU:0.333333; XLB:0.333333,XLY:0.333333; XLU:0.333333; XLB:0.333333,0.6666666667,5.0000000000,0.0003333333,close-to-close same-close approximation
Top 3 momentum,2001-04-30,2001-05-01,XLY XLE XLB,XLY:0.333333; XLU:0.333333; XLB:0.333333,XLY:0.333333; XLE:0.333333; XLB:0.333333,0.6666666667,5.0000000000,0.0003333333,close-to-close same-close approximation
Top 3 momentum,2001-05-31,2001-06-01,XLV XLY XLB,XLY:0.333333; XLE:0.333333; XLB:0.333333,XLV:0.333333; XLY:0.333333; XLB:0.333333,0.6666666667,5.0000000000,0.0003333333,close-to-close same-close approximation
Top 3 momentum,2001-07-31,2001-08-01,XLY XLU XLB,XLV:0.333333; XLY:0.333333; XLB:0.333333,XLY:0.333333; XLU:0.333333; XLB:0.333333,0.6666666667,5.0000000000,0.0003333333,close-to-close same-close approximation
Top 3 momentum,2001-08-31,2001-09-04,XLV XLY XLB,XLY:0.333333; XLU:0.333333; XLB:0.333333,XLV:0.333333; XLY:0.333333; XLB:0.333333,0.6666666667,5.0000000000,0.0003333333,close-to-close same-close approximation
Top 3 momentum,2001-09-28,2001-10-01,XLF XLP XLU,XLV:0.333333; XLY:0.333333; XLB:0.333333,XLF:0.333333; XLP:0.333333; XLU:0.333333,2.0000000000,5.0000000000,0.0010000000,close-to-close same-close approximation
Top 3 momentum,2001-10-31,2001-11-01,XLF XLP XLB,XLF:0.333333; XLP:0.333333; XLU:0.333333,XLF:0.333333; XLP:0.333333; XLB:0.333333,0.6666666667,5.0000000000,0.0003333333,close-to-close same-close approximation
Top 3 momentum,2001-11-30,2001-12-03,XLY XLP XLB,XLF:0.333333; XLP:0.333333; XLB:0.333333,XLY:0.333333; XLP:0.333333; XLB:0.333333,0.6666666667,5.0000000000,0.0003333333,close-to-close same-close approximation
Top 3 momentum,2002-03-28,2002-04-01,XLV XLY XLB,XLY:0.333333; XLP:0.333333; XLB:0.333333,XLV:0.333333; XLY:0.333333; XLB:0.333333,0.6666666667,5.0000000000,0.0003333333,close-to-close same-close approximation
Top 3 momentum,2002-05-31,2002-06-03,XLV XLE XLB,XLV:0.333333; XLY:0.333333; XLB:0.333333,XLV:0.333333; XLE:0.333333; XLB:0.333333,0.6666666667,5.0000000000,0.0003333333,close-to-close same-close approximation
Top 3 momentum,2002-07-31,2002-08-01,XLF XLV XLB,XLV:0.333333; XLE:0.333333; XLB:0.333333,XLF:0.333333; XLV:0.333333; XLB:0.333333,0.6666666667,5.0000000000,0.0003333333,close-to-close same-close approximation
Top 3 momentum,2002-09-30,2002-10-01,XLV XLY XLP,XLF:0.333333; XLV:0.333333; XLB:0.333333,XLV:0.333333; XLY:0.333333; XLP:0.333333,1.3333333333,5.0000000000,0.0006666667,close-to-close same-close approximation
Top 3 momentum,2002-10-31,2002-11-01,XLF XLV XLY,XLV:0.333333; XLY:0.333333; XLP:0.333333,XLF:0.333333; XLV:0.333333; XLY:0.333333,0.6666666667,5.0000000000,0.0003333333,close-to-close same-close approximation
Top 3 momentum,2002-11-29,2002-12-02,QQQ XLK XLV,XLF:0.333333; XLV:0.333333; XLY:0.333333,QQQ:0.333333; XLK:0.333333; XLV:0.333333,1.3333333333,5.0000000000,0.0006666667,close-to-close same-close approximation
Top 3 momentum,2003-01-31,2003-02-03,QQQ XLK XLE,QQQ:0.333333; XLK:0.333333; XLV:0.333333,QQQ:0.333333; XLK:0.333333; XLE:0.333333,0.6666666667,5.0000000000,0.0003333333,close-to-close same-close approximation
Top 3 momentum,2003-03-31,2003-04-01,QQQ XLK XLV,QQQ:0.333333; XLK:0.333333; XLE:0.333333,QQQ:0.333333; XLK:0.333333; XLV:0.333333,0.6666666667,5.0000000000,0.0003333333,close-to-close same-close approximation
Top 3 momentum,2003-04-30,2003-05-01,QQQ XLU XLB,QQQ:0.333333; XLK:0.333333; XLV:0.333333,QQQ:0.333333; XLU:0.333333; XLB:0.333333,1.3333333333,5.0000000000,0.0006666667,close-to-close same-close approximation
Top 3 momentum,2003-05-30,2003-06-02,QQQ XLE XLU,QQQ:0.333333; XLU:0.333333; XLB:0.333333,QQQ:0.333333; XLE:0.333333; XLU:0.333333,0.6666666667,5.0000000000,0.0003333333,close-to-close same-close approximation
Top 3 momentum,2003-06-30,2003-07-01,QQQ XLY XLU,QQQ:0.333333; XLE:0.333333; XLU:0.333333,QQQ:0.333333; XLY:0.333333; XLU:0.333333,0.6666666667,5.0000000000,0.0003333333,close-to-close same-close approximation
Top 3 momentum,2003-07-31,2003-08-01,QQQ XLK XLY,QQQ:0.333333; XLY:0.333333; XLU:0.333333,QQQ:0.333333; XLK:0.333333; XLY:0.333333,0.6666666667,5.0000000000,0.0003333333,close-to-close same-close approximation
Top 3 momentum,2003-09-30,2003-10-01,QQQ XLK XLF,QQQ:0.333333; XLK:0.333333; XLY:0.333333,QQQ:0.333333; XLK:0.333333; XLF:0.333333,0.6666666667,5.0000000000,0.0003333333,close-to-close same-close approximation
Top 3 momentum,2003-10-31,2003-11-03,QQQ XLK XLB,QQQ:0.333333; XLK:0.333333; XLF:0.333333,QQQ:0.333333; XLK:0.333333; XLB:0.333333,0.6666666667,5.0000000000,0.0003333333,close-to-close same-close approximation
Top 3 momentum,2003-12-31,2004-01-02,QQQ XLI XLB,QQQ:0.333333; XLK:0.333333; XLB:0.333333,QQQ:0.333333; XLI:0.333333; XLB:0.333333,0.6666666667,5.0000000000,0.0003333333,close-to-close same-close approximation
Top 3 momentum,2004-01-30,2004-02-02,XLK XLI XLE,QQQ:0.333333; XLI:0.333333; XLB:0.333333,XLK:0.333333; XLI:0.333333; XLE:0.333333,1.3333333333,5.0000000000,0.0006666667,close-to-close same-close approximation
Top 3 momentum,2004-02-27,2004-03-01,XLF XLE XLB,XLK:0.333333; XLI:0.333333; XLE:0.333333,XLF:0.333333; XLE:0.333333; XLB:0.333333,1.3333333333,5.0000000000,0.0006666667,close-to-close same-close approximation
Top 3 momentum,2004-04-30,2004-05-03,XLV XLP XLE,XLF:0.333333; XLE:0.333333; XLB:0.333333,XLV:0.333333; XLP:0.333333; XLE:0.333333,1.3333333333,5.0000000000,0.0006666667,close-to-close same-close approximation
Top 3 momentum,2004-05-28,2004-06-01,XLP XLE XLU,XLV:0.333333; XLP:0.333333; XLE:0.333333,XLP:0.333333; XLE:0.333333; XLU:0.333333,0.6666666667,5.0000000000,0.0003333333,close-to-close same-close approximation
Top 3 momentum,2004-06-30,2004-07-01,XLI XLP XLE,XLP:0.333333; XLE:0.333333; XLU:0.333333,XLI:0.333333; XLP:0.333333; XLE:0.333333,0.6666666667,5.0000000000,0.0003333333,close-to-close same-close approximation
Top 3 momentum,2004-07-30,2004-08-02,XLI XLE XLB,XLI:0.333333; XLP:0.333333; XLE:0.333333,XLI:0.333333; XLE:0.333333; XLB:0.333333,0.6666666667,5.0000000000,0.0003333333,close-to-close same-close approximation
Top 3 momentum,2004-08-31,2004-09-01,XLI XLE XLU,XLI:0.333333; XLE:0.333333; XLB:0.333333,XLI:0.333333; XLE:0.333333; XLU:0.333333,0.6666666667,5.0000000000,0.0003333333,close-to-close same-close approximation
Top 3 momentum,2004-09-30,2004-10-01,XLI XLE XLB,XLI:0.333333; XLE:0.333333; XLU:0.333333,XLI:0.333333; XLE:0.333333; XLB:0.333333,0.6666666667,5.0000000000,0.0003333333,close-to-close same-close approximation
Top 3 momentum,2004-10-29,2004-11-01,XLE XLU XLB,XLI:0.333333; XLE:0.333333; XLB:0.333333,XLE:0.333333; XLU:0.333333; XLB:0.333333,0.6666666667,5.0000000000,0.0003333333,close-to-close same-close approximation
Top 3 momentum,2005-01-31,2005-02-01,XLY XLE XLU,XLE:0.333333; XLU:0.333333; XLB:0.333333,XLY:0.333333; XLE:0.333333; XLU:0.333333,0.6666666667,5.0000000000,0.0003333333,close-to-close same-close approximation
Top 3 momentum,2005-02-28,2005-03-01,XLE XLU XLB,XLY:0.333333; XLE:0.333333; XLU:0.333333,XLE:0.333333; XLU:0.333333; XLB:0.333333,0.6666666667,5.0000000000,0.0003333333,close-to-close same-close approximation
Top 3 momentum,2005-04-29,2005-05-02,XLV XLE XLU,XLE:0.333333; XLU:0.333333; XLB:0.333333,XLV:0.333333; XLE:0.333333; XLU:0.333333,0.6666666667,5.0000000000,0.0003333333,close-to-close same-close approximation
Top 3 momentum,2005-09-30,2005-10-03,QQQ XLE XLU,XLV:0.333333; XLE:0.333333; XLU:0.333333,QQQ:0.333333; XLE:0.333333; XLU:0.333333,0.6666666667,5.0000000000,0.0003333333,close-to-close same-close approximation
Top 3 momentum,2005-10-31,2005-11-01,QQQ XLF XLE,QQQ:0.333333; XLE:0.333333; XLU:0.333333,QQQ:0.333333; XLF:0.333333; XLE:0.333333,0.6666666667,5.0000000000,0.0003333333,close-to-close same-close approximation
Top 3 momentum,2005-12-30,2006-01-03,QQQ XLE XLB,QQQ:0.333333; XLF:0.333333; XLE:0.333333,QQQ:0.333333; XLE:0.333333; XLB:0.333333,0.6666666667,5.0000000000,0.0003333333,close-to-close same-close approximation
Top 3 momentum,2006-01-31,2006-02-01,XLF XLE XLB,QQQ:0.333333; XLE:0.333333; XLB:0.333333,XLF:0.333333; XLE:0.333333; XLB:0.333333,0.6666666667,5.0000000000,0.0003333333,close-to-close same-close approximation
Top 3 momentum,2006-02-28,2006-03-01,XLF XLI XLB,XLF:0.333333; XLE:0.333333; XLB:0.333333,XLF:0.333333; XLI:0.333333; XLB:0.333333,0.6666666667,5.0000000000,0.0003333333,close-to-close same-close approximation
Top 3 momentum,2006-04-28,2006-05-01,XLI XLE XLB,XLF:0.333333; XLI:0.333333; XLB:0.333333,XLI:0.333333; XLE:0.333333; XLB:0.333333,0.6666666667,5.0000000000,0.0003333333,close-to-close same-close approximation
Top 3 momentum,2006-07-31,2006-08-01,XLF XLP XLU,XLI:0.333333; XLE:0.333333; XLB:0.333333,XLF:0.333333; XLP:0.333333; XLU:0.333333,2.0000000000,5.0000000000,0.0010000000,close-to-close same-close approximation
Top 3 momentum,2006-10-31,2006-11-01,XLV XLY XLU,XLF:0.333333; XLP:0.333333; XLU:0.333333,XLV:0.333333; XLY:0.333333; XLU:0.333333,1.3333333333,5.0000000000,0.0006666667,close-to-close same-close approximation
Top 3 momentum,2006-11-30,2006-12-01,XLK XLY XLU,XLV:0.333333; XLY:0.333333; XLU:0.333333,XLK:0.333333; XLY:0.333333; XLU:0.333333,0.6666666667,5.0000000000,0.0003333333,close-to-close same-close approximation
Top 3 momentum,2007-01-31,2007-02-01,XLK XLY XLB,XLK:0.333333; XLY:0.333333; XLU:0.333333,XLK:0.333333; XLY:0.333333; XLB:0.333333,0.6666666667,5.0000000000,0.0003333333,close-to-close same-close approximation
Top 3 momentum,2007-02-28,2007-03-01,XLY XLU XLB,XLK:0.333333; XLY:0.333333; XLB:0.333333,XLY:0.333333; XLU:0.333333; XLB:0.333333,0.6666666667,5.0000000000,0.0003333333,close-to-close same-close approximation
Top 3 momentum,2007-03-30,2007-04-02,XLE XLU XLB,XLY:0.333333; XLU:0.333333; XLB:0.333333,XLE:0.333333; XLU:0.333333; XLB:0.333333,0.6666666667,5.0000000000,0.0003333333,close-to-close same-close approximation
Top 3 momentum,2007-06-29,2007-07-02,XLI XLE XLB,XLE:0.333333; XLU:0.333333; XLB:0.333333,XLI:0.333333; XLE:0.333333; XLB:0.333333,0.6666666667,5.0000000000,0.0003333333,close-to-close same-close approximation
Top 3 momentum,2007-08-31,2007-09-04,QQQ XLK XLE,XLI:0.333333; XLE:0.333333; XLB:0.333333,QQQ:0.333333; XLK:0.333333; XLE:0.333333,1.3333333333,5.0000000000,0.0006666667,close-to-close same-close approximation
Top 3 momentum,2007-09-28,2007-10-01,QQQ XLI XLE,QQQ:0.333333; XLK:0.333333; XLE:0.333333,QQQ:0.333333; XLI:0.333333; XLE:0.333333,0.6666666667,5.0000000000,0.0003333333,close-to-close same-close approximation
Top 3 momentum,2007-10-31,2007-11-01,QQQ XLK XLE,QQQ:0.333333; XLI:0.333333; XLE:0.333333,QQQ:0.333333; XLK:0.333333; XLE:0.333333,0.6666666667,5.0000000000,0.0003333333,close-to-close same-close approximation
Top 3 momentum,2007-11-30,2007-12-03,QQQ XLP XLE,QQQ:0.333333; XLK:0.333333; XLE:0.333333,QQQ:0.333333; XLP:0.333333; XLE:0.333333,0.6666666667,5.0000000000,0.0003333333,close-to-close same-close approximation
Top 3 momentum,2007-12-31,2008-01-02,QQQ XLE XLU,QQQ:0.333333; XLP:0.333333; XLE:0.333333,QQQ:0.333333; XLE:0.333333; XLU:0.333333,0.6666666667,5.0000000000,0.0003333333,close-to-close same-close approximation
Top 3 momentum,2008-01-31,2008-02-01,XLP XLU XLB,QQQ:0.333333; XLE:0.333333; XLU:0.333333,XLP:0.333333; XLU:0.333333; XLB:0.333333,1.3333333333,5.0000000000,0.0006666667,close-to-close same-close approximation
Top 3 momentum,2008-02-29,2008-03-03,XLP XLE XLB,XLP:0.333333; XLU:0.333333; XLB:0.333333,XLP:0.333333; XLE:0.333333; XLB:0.333333,0.6666666667,5.0000000000,0.0003333333,close-to-close same-close approximation
Top 3 momentum,2008-05-30,2008-06-02,XLI XLE XLB,XLP:0.333333; XLE:0.333333; XLB:0.333333,XLI:0.333333; XLE:0.333333; XLB:0.333333,0.6666666667,5.0000000000,0.0003333333,close-to-close same-close approximation
Top 3 momentum,2008-06-30,2008-07-01,XLE XLU XLB,XLI:0.333333; XLE:0.333333; XLB:0.333333,XLE:0.333333; XLU:0.333333; XLB:0.333333,0.6666666667,5.0000000000,0.0003333333,close-to-close same-close approximation
Top 3 momentum,2008-07-31,2008-08-01,XLP XLE XLB,XLE:0.333333; XLU:0.333333; XLB:0.333333,XLP:0.333333; XLE:0.333333; XLB:0.333333,0.6666666667,5.0000000000,0.0003333333,close-to-close same-close approximation
Top 3 momentum,2008-08-29,2008-09-02,QQQ XLK XLP,XLP:0.333333; XLE:0.333333; XLB:0.333333,QQQ:0.333333; XLK:0.333333; XLP:0.333333,1.3333333333,5.0000000000,0.0006666667,close-to-close same-close approximation
Top 3 momentum,2008-09-30,2008-10-01,XLV XLY XLP,QQQ:0.333333; XLK:0.333333; XLP:0.333333,XLV:0.333333; XLY:0.333333; XLP:0.333333,1.3333333333,5.0000000000,0.0006666667,close-to-close same-close approximation
Top 3 momentum,2008-10-31,2008-11-03,XLV XLP XLU,XLV:0.333333; XLY:0.333333; XLP:0.333333,XLV:0.333333; XLP:0.333333; XLU:0.333333,0.6666666667,5.0000000000,0.0003333333,close-to-close same-close approximation
Top 3 momentum,2008-12-31,2009-01-02,XLV XLY XLP,XLV:0.333333; XLP:0.333333; XLU:0.333333,XLV:0.333333; XLY:0.333333; XLP:0.333333,0.6666666667,5.0000000000,0.0003333333,close-to-close same-close approximation
Top 3 momentum,2009-01-30,2009-02-02,XLV XLP XLU,XLV:0.333333; XLY:0.333333; XLP:0.333333,XLV:0.333333; XLP:0.333333; XLU:0.333333,0.6666666667,5.0000000000,0.0003333333,close-to-close same-close approximation
Top 3 momentum,2009-03-31,2009-04-01,QQQ XLK XLV,XLV:0.333333; XLP:0.333333; XLU:0.333333,QQQ:0.333333; XLK:0.333333; XLV:0.333333,1.3333333333,5.0000000000,0.0006666667,close-to-close same-close approximation
Top 3 momentum,2009-04-30,2009-05-01,QQQ XLY XLB,QQQ:0.333333; XLK:0.333333; XLV:0.333333,QQQ:0.333333; XLY:0.333333; XLB:0.333333,1.3333333333,5.0000000000,0.0006666667,close-to-close same-close approximation
Top 3 momentum,2009-06-30,2009-07-01,QQQ XLK XLB,QQQ:0.333333; XLY:0.333333; XLB:0.333333,QQQ:0.333333; XLK:0.333333; XLB:0.333333,0.6666666667,5.0000000000,0.0003333333,close-to-close same-close approximation
Top 3 momentum,2009-07-31,2009-08-03,QQQ XLF XLB,QQQ:0.333333; XLK:0.333333; XLB:0.333333,QQQ:0.333333; XLF:0.333333; XLB:0.333333,0.6666666667,5.0000000000,0.0003333333,close-to-close same-close approximation
Top 3 momentum,2009-08-31,2009-09-01,XLF XLI XLB,QQQ:0.333333; XLF:0.333333; XLB:0.333333,XLF:0.333333; XLI:0.333333; XLB:0.333333,0.6666666667,5.0000000000,0.0003333333,close-to-close same-close approximation
Top 3 momentum,2009-09-30,2009-10-01,XLF XLY XLI,XLF:0.333333; XLI:0.333333; XLB:0.333333,XLF:0.333333; XLY:0.333333; XLI:0.333333,0.6666666667,5.0000000000,0.0003333333,close-to-close same-close approximation
Top 3 momentum,2009-10-30,2009-11-02,QQQ XLF XLP,XLF:0.333333; XLY:0.333333; XLI:0.333333,QQQ:0.333333; XLF:0.333333; XLP:0.333333,1.3333333333,5.0000000000,0.0006666667,close-to-close same-close approximation
Top 3 momentum,2009-11-30,2009-12-01,QQQ XLK XLF,QQQ:0.333333; XLF:0.333333; XLP:0.333333,QQQ:0.333333; XLK:0.333333; XLF:0.333333,0.6666666667,5.0000000000,0.0003333333,close-to-close same-close approximation
Top 3 momentum,2009-12-31,2010-01-04,XLY XLI XLB,QQQ:0.333333; XLK:0.333333; XLF:0.333333,XLY:0.333333; XLI:0.333333; XLB:0.333333,2.0000000000,5.0000000000,0.0010000000,close-to-close same-close approximation
Top 3 momentum,2010-01-29,2010-02-01,XLV XLY XLI,XLY:0.333333; XLI:0.333333; XLB:0.333333,XLV:0.333333; XLY:0.333333; XLI:0.333333,0.6666666667,5.0000000000,0.0003333333,close-to-close same-close approximation
Top 3 momentum,2010-02-26,2010-03-01,QQQ XLY XLI,XLV:0.333333; XLY:0.333333; XLI:0.333333,QQQ:0.333333; XLY:0.333333; XLI:0.333333,0.6666666667,5.0000000000,0.0003333333,close-to-close same-close approximation
Top 3 momentum,2010-06-30,2010-07-01,XLY XLI XLP,QQQ:0.333333; XLY:0.333333; XLI:0.333333,XLY:0.333333; XLI:0.333333; XLP:0.333333,0.6666666667,5.0000000000,0.0003333333,close-to-close same-close approximation
Top 3 momentum,2010-07-30,2010-08-02,QQQ XLY XLI,XLY:0.333333; XLI:0.333333; XLP:0.333333,QQQ:0.333333; XLY:0.333333; XLI:0.333333,0.6666666667,5.0000000000,0.0003333333,close-to-close same-close approximation
Top 3 momentum,2010-08-31,2010-09-01,XLY XLP XLU,QQQ:0.333333; XLY:0.333333; XLI:0.333333,XLY:0.333333; XLP:0.333333; XLU:0.333333,1.3333333333,5.0000000000,0.0006666667,close-to-close same-close approximation
Top 3 momentum,2010-09-30,2010-10-01,QQQ XLY XLU,XLY:0.333333; XLP:0.333333; XLU:0.333333,QQQ:0.333333; XLY:0.333333; XLU:0.333333,0.6666666667,5.0000000000,0.0003333333,close-to-close same-close approximation
Top 3 momentum,2010-10-29,2010-11-01,QQQ XLP XLU,QQQ:0.333333; XLY:0.333333; XLU:0.333333,QQQ:0.333333; XLP:0.333333; XLU:0.333333,0.6666666667,5.0000000000,0.0003333333,close-to-close same-close approximation
Top 3 momentum,2010-11-30,2010-12-01,QQQ XLE XLB,QQQ:0.333333; XLP:0.333333; XLU:0.333333,QQQ:0.333333; XLE:0.333333; XLB:0.333333,1.3333333333,5.0000000000,0.0006666667,close-to-close same-close approximation
Top 3 momentum,2010-12-31,2011-01-03,XLI XLE XLB,QQQ:0.333333; XLE:0.333333; XLB:0.333333,XLI:0.333333; XLE:0.333333; XLB:0.333333,0.6666666667,5.0000000000,0.0003333333,close-to-close same-close approximation
Top 3 momentum,2011-01-31,2011-02-01,QQQ XLE XLB,XLI:0.333333; XLE:0.333333; XLB:0.333333,QQQ:0.333333; XLE:0.333333; XLB:0.333333,0.6666666667,5.0000000000,0.0003333333,close-to-close same-close approximation
Top 3 momentum,2011-02-28,2011-03-01,QQQ XLI XLE,QQQ:0.333333; XLE:0.333333; XLB:0.333333,QQQ:0.333333; XLI:0.333333; XLE:0.333333,0.6666666667,5.0000000000,0.0003333333,close-to-close same-close approximation
Top 3 momentum,2011-03-31,2011-04-01,XLI XLE XLB,QQQ:0.333333; XLI:0.333333; XLE:0.333333,XLI:0.333333; XLE:0.333333; XLB:0.333333,0.6666666667,5.0000000000,0.0003333333,close-to-close same-close approximation
Top 3 momentum,2011-05-31,2011-06-01,XLV XLI XLE,XLI:0.333333; XLE:0.333333; XLB:0.333333,XLV:0.333333; XLI:0.333333; XLE:0.333333,0.6666666667,5.0000000000,0.0003333333,close-to-close same-close approximation
Top 3 momentum,2011-06-30,2011-07-01,XLV XLE XLU,XLV:0.333333; XLI:0.333333; XLE:0.333333,XLV:0.333333; XLE:0.333333; XLU:0.333333,0.6666666667,5.0000000000,0.0003333333,close-to-close same-close approximation
Top 3 momentum,2011-07-29,2011-08-01,XLV XLP XLE,XLV:0.333333; XLE:0.333333; XLU:0.333333,XLV:0.333333; XLP:0.333333; XLE:0.333333,0.6666666667,5.0000000000,0.0003333333,close-to-close same-close approximation
Top 3 momentum,2011-08-31,2011-09-01,XLV XLP XLU,XLV:0.333333; XLP:0.333333; XLE:0.333333,XLV:0.333333; XLP:0.333333; XLU:0.333333,0.6666666667,5.0000000000,0.0003333333,close-to-close same-close approximation
Top 3 momentum,2011-10-31,2011-11-01,QQQ XLP XLU,XLV:0.333333; XLP:0.333333; XLU:0.333333,QQQ:0.333333; XLP:0.333333; XLU:0.333333,0.6666666667,5.0000000000,0.0003333333,close-to-close same-close approximation
Top 3 momentum,2011-11-30,2011-12-01,XLK XLP XLU,QQQ:0.333333; XLP:0.333333; XLU:0.333333,XLK:0.333333; XLP:0.333333; XLU:0.333333,0.6666666667,5.0000000000,0.0003333333,close-to-close same-close approximation
Top 3 momentum,2012-01-31,2012-02-01,XLV XLI XLU,XLK:0.333333; XLP:0.333333; XLU:0.333333,XLV:0.333333; XLI:0.333333; XLU:0.333333,1.3333333333,5.0000000000,0.0006666667,close-to-close same-close approximation
Top 3 momentum,2012-02-29,2012-03-01,QQQ XLK XLI,XLV:0.333333; XLI:0.333333; XLU:0.333333,QQQ:0.333333; XLK:0.333333; XLI:0.333333,1.3333333333,5.0000000000,0.0006666667,close-to-close same-close approximation
Top 3 momentum,2012-03-30,2012-04-02,QQQ XLF XLY,QQQ:0.333333; XLK:0.333333; XLI:0.333333,QQQ:0.333333; XLF:0.333333; XLY:0.333333,1.3333333333,5.0000000000,0.0006666667,close-to-close same-close approximation
Top 3 momentum,2012-04-30,2012-05-01,QQQ XLK XLY,QQQ:0.333333; XLF:0.333333; XLY:0.333333,QQQ:0.333333; XLK:0.333333; XLY:0.333333,0.6666666667,5.0000000000,0.0003333333,close-to-close same-close approximation
Top 3 momentum,2012-05-31,2012-06-01,QQQ XLF XLY,QQQ:0.333333; XLK:0.333333; XLY:0.333333,QQQ:0.333333; XLF:0.333333; XLY:0.333333,0.6666666667,5.0000000000,0.0003333333,close-to-close same-close approximation
Top 3 momentum,2012-06-29,2012-07-02,QQQ XLK XLF,QQQ:0.333333; XLF:0.333333; XLY:0.333333,QQQ:0.333333; XLK:0.333333; XLF:0.333333,0.6666666667,5.0000000000,0.0003333333,close-to-close same-close approximation
Top 3 momentum,2012-07-31,2012-08-01,XLK XLP XLU,QQQ:0.333333; XLK:0.333333; XLF:0.333333,XLK:0.333333; XLP:0.333333; XLU:0.333333,1.3333333333,5.0000000000,0.0006666667,close-to-close same-close approximation
Top 3 momentum,2012-08-31,2012-09-04,QQQ XLV XLP,XLK:0.333333; XLP:0.333333; XLU:0.333333,QQQ:0.333333; XLV:0.333333; XLP:0.333333,1.3333333333,5.0000000000,0.0006666667,close-to-close same-close approximation
Top 3 momentum,2012-09-28,2012-10-01,XLV XLP XLU,QQQ:0.333333; XLV:0.333333; XLP:0.333333,XLV:0.333333; XLP:0.333333; XLU:0.333333,0.6666666667,5.0000000000,0.0003333333,close-to-close same-close approximation
Top 3 momentum,2012-11-30,2012-12-03,XLF XLV XLE,XLV:0.333333; XLP:0.333333; XLU:0.333333,XLF:0.333333; XLV:0.333333; XLE:0.333333,1.3333333333,5.0000000000,0.0006666667,close-to-close same-close approximation
Top 3 momentum,2012-12-31,2013-01-02,XLF XLY XLE,XLF:0.333333; XLV:0.333333; XLE:0.333333,XLF:0.333333; XLY:0.333333; XLE:0.333333,0.6666666667,5.0000000000,0.0003333333,close-to-close same-close approximation
Top 3 momentum,2013-01-31,2013-02-01,XLF XLY XLI,XLF:0.333333; XLY:0.333333; XLE:0.333333,XLF:0.333333; XLY:0.333333; XLI:0.333333,0.6666666667,5.0000000000,0.0003333333,close-to-close same-close approximation
Top 3 momentum,2013-02-28,2013-03-01,XLF XLV XLY,XLF:0.333333; XLY:0.333333; XLI:0.333333,XLF:0.333333; XLV:0.333333; XLY:0.333333,0.6666666667,5.0000000000,0.0003333333,close-to-close same-close approximation
Top 3 momentum,2013-03-28,2013-04-01,XLF XLV XLI,XLF:0.333333; XLV:0.333333; XLY:0.333333,XLF:0.333333; XLV:0.333333; XLI:0.333333,0.6666666667,5.0000000000,0.0003333333,close-to-close same-close approximation
Top 3 momentum,2013-04-30,2013-05-01,XLF XLV XLY,XLF:0.333333; XLV:0.333333; XLI:0.333333,XLF:0.333333; XLV:0.333333; XLY:0.333333,0.6666666667,5.0000000000,0.0003333333,close-to-close same-close approximation
Top 3 momentum,2013-08-30,2013-09-03,QQQ XLV XLY,XLF:0.333333; XLV:0.333333; XLY:0.333333,QQQ:0.333333; XLV:0.333333; XLY:0.333333,0.6666666667,5.0000000000,0.0003333333,close-to-close same-close approximation
Top 3 momentum,2013-09-30,2013-10-01,QQQ XLY XLI,QQQ:0.333333; XLV:0.333333; XLY:0.333333,QQQ:0.333333; XLY:0.333333; XLI:0.333333,0.6666666667,5.0000000000,0.0003333333,close-to-close same-close approximation
Top 3 momentum,2013-12-31,2014-01-02,QQQ XLI XLB,QQQ:0.333333; XLY:0.333333; XLI:0.333333,QQQ:0.333333; XLI:0.333333; XLB:0.333333,0.6666666667,5.0000000000,0.0003333333,close-to-close same-close approximation
Top 3 momentum,2014-01-31,2014-02-03,QQQ XLV XLI,QQQ:0.333333; XLI:0.333333; XLB:0.333333,QQQ:0.333333; XLV:0.333333; XLI:0.333333,0.6666666667,5.0000000000,0.0003333333,close-to-close same-close approximation
Top 3 momentum,2014-03-31,2014-04-01,XLK XLV XLB,QQQ:0.333333; XLV:0.333333; XLI:0.333333,XLK:0.333333; XLV:0.333333; XLB:0.333333,1.3333333333,5.0000000000,0.0006666667,close-to-close same-close approximation
Top 3 momentum,2014-04-30,2014-05-01,XLV XLI XLU,XLK:0.333333; XLV:0.333333; XLB:0.333333,XLV:0.333333; XLI:0.333333; XLU:0.333333,1.3333333333,5.0000000000,0.0006666667,close-to-close same-close approximation
Top 3 momentum,2014-05-30,2014-06-02,XLK XLU XLB,XLV:0.333333; XLI:0.333333; XLU:0.333333,XLK:0.333333; XLU:0.333333; XLB:0.333333,1.3333333333,5.0000000000,0.0006666667,close-to-close same-close approximation
Top 3 momentum,2014-06-30,2014-07-01,XLV XLE XLU,XLK:0.333333; XLU:0.333333; XLB:0.333333,XLV:0.333333; XLE:0.333333; XLU:0.333333,1.3333333333,5.0000000000,0.0006666667,close-to-close same-close approximation
Top 3 momentum,2014-07-31,2014-08-01,QQQ XLK XLE,XLV:0.333333; XLE:0.333333; XLU:0.333333,QQQ:0.333333; XLK:0.333333; XLE:0.333333,1.3333333333,5.0000000000,0.0006666667,close-to-close same-close approximation
Top 3 momentum,2014-09-30,2014-10-01,QQQ XLK XLV,QQQ:0.333333; XLK:0.333333; XLE:0.333333,QQQ:0.333333; XLK:0.333333; XLV:0.333333,0.6666666667,5.0000000000,0.0003333333,close-to-close same-close approximation
Top 3 momentum,2014-12-31,2015-01-02,XLV XLP XLU,QQQ:0.333333; XLK:0.333333; XLV:0.333333,XLV:0.333333; XLP:0.333333; XLU:0.333333,1.3333333333,5.0000000000,0.0006666667,close-to-close same-close approximation
Top 3 momentum,2015-02-27,2015-03-02,XLV XLY XLP,XLV:0.333333; XLP:0.333333; XLU:0.333333,XLV:0.333333; XLY:0.333333; XLP:0.333333,0.6666666667,5.0000000000,0.0003333333,close-to-close same-close approximation
Top 3 momentum,2015-04-30,2015-05-01,QQQ XLV XLY,XLV:0.333333; XLY:0.333333; XLP:0.333333,QQQ:0.333333; XLV:0.333333; XLY:0.333333,0.6666666667,5.0000000000,0.0003333333,close-to-close same-close approximation
Top 3 momentum,2015-08-31,2015-09-01,XLV XLY XLU,QQQ:0.333333; XLV:0.333333; XLY:0.333333,XLV:0.333333; XLY:0.333333; XLU:0.333333,0.6666666667,5.0000000000,0.0003333333,close-to-close same-close approximation
Top 3 momentum,2015-09-30,2015-10-01,XLY XLP XLU,XLV:0.333333; XLY:0.333333; XLU:0.333333,XLY:0.333333; XLP:0.333333; XLU:0.333333,0.6666666667,5.0000000000,0.0003333333,close-to-close same-close approximation
Top 3 momentum,2015-10-30,2015-11-02,QQQ XLY XLP,XLY:0.333333; XLP:0.333333; XLU:0.333333,QQQ:0.333333; XLY:0.333333; XLP:0.333333,0.6666666667,5.0000000000,0.0003333333,close-to-close same-close approximation
Top 3 momentum,2015-12-31,2016-01-04,QQQ XLP XLU,QQQ:0.333333; XLY:0.333333; XLP:0.333333,QQQ:0.333333; XLP:0.333333; XLU:0.333333,0.6666666667,5.0000000000,0.0003333333,close-to-close same-close approximation
Top 3 momentum,2016-01-29,2016-02-01,XLK XLP XLU,QQQ:0.333333; XLP:0.333333; XLU:0.333333,XLK:0.333333; XLP:0.333333; XLU:0.333333,0.6666666667,5.0000000000,0.0003333333,close-to-close same-close approximation
Top 3 momentum,2016-03-31,2016-04-01,XLK XLU XLB,XLK:0.333333; XLP:0.333333; XLU:0.333333,XLK:0.333333; XLU:0.333333; XLB:0.333333,0.6666666667,5.0000000000,0.0003333333,close-to-close same-close approximation
Top 3 momentum,2016-04-29,2016-05-02,XLP XLU XLB,XLK:0.333333; XLU:0.333333; XLB:0.333333,XLP:0.333333; XLU:0.333333; XLB:0.333333,0.6666666667,5.0000000000,0.0003333333,close-to-close same-close approximation
Top 3 momentum,2016-06-30,2016-07-01,XLP XLE XLU,XLP:0.333333; XLU:0.333333; XLB:0.333333,XLP:0.333333; XLE:0.333333; XLU:0.333333,0.6666666667,5.0000000000,0.0003333333,close-to-close same-close approximation
Top 3 momentum,2016-07-29,2016-08-01,XLI XLE XLB,XLP:0.333333; XLE:0.333333; XLU:0.333333,XLI:0.333333; XLE:0.333333; XLB:0.333333,1.3333333333,5.0000000000,0.0006666667,close-to-close same-close approximation
Top 3 momentum,2016-08-31,2016-09-01,XLK XLE XLB,XLI:0.333333; XLE:0.333333; XLB:0.333333,XLK:0.333333; XLE:0.333333; XLB:0.333333,0.6666666667,5.0000000000,0.0003333333,close-to-close same-close approximation
Top 3 momentum,2016-09-30,2016-10-03,QQQ XLK XLE,XLK:0.333333; XLE:0.333333; XLB:0.333333,QQQ:0.333333; XLK:0.333333; XLE:0.333333,0.6666666667,5.0000000000,0.0003333333,close-to-close same-close approximation
Top 3 momentum,2016-10-31,2016-11-01,QQQ XLK XLF,QQQ:0.333333; XLK:0.333333; XLE:0.333333,QQQ:0.333333; XLK:0.333333; XLF:0.333333,0.6666666667,5.0000000000,0.0003333333,close-to-close same-close approximation
Top 3 momentum,2016-11-30,2016-12-01,XLF XLI XLE,QQQ:0.333333; XLK:0.333333; XLF:0.333333,XLF:0.333333; XLI:0.333333; XLE:0.333333,1.3333333333,5.0000000000,0.0006666667,close-to-close same-close approximation
Top 3 momentum,2016-12-30,2017-01-03,XLK XLF XLI,XLF:0.333333; XLI:0.333333; XLE:0.333333,XLK:0.333333; XLF:0.333333; XLI:0.333333,0.6666666667,5.0000000000,0.0003333333,close-to-close same-close approximation
Top 3 momentum,2017-01-31,2017-02-01,XLF XLI XLE,XLK:0.333333; XLF:0.333333; XLI:0.333333,XLF:0.333333; XLI:0.333333; XLE:0.333333,0.6666666667,5.0000000000,0.0003333333,close-to-close same-close approximation
Top 3 momentum,2017-02-28,2017-03-01,XLK XLF XLI,XLF:0.333333; XLI:0.333333; XLE:0.333333,XLK:0.333333; XLF:0.333333; XLI:0.333333,0.6666666667,5.0000000000,0.0003333333,close-to-close same-close approximation
Top 3 momentum,2017-04-28,2017-05-01,QQQ XLF XLI,XLK:0.333333; XLF:0.333333; XLI:0.333333,QQQ:0.333333; XLF:0.333333; XLI:0.333333,0.6666666667,5.0000000000,0.0003333333,close-to-close same-close approximation
Top 3 momentum,2017-05-31,2017-06-01,QQQ XLK XLU,QQQ:0.333333; XLF:0.333333; XLI:0.333333,QQQ:0.333333; XLK:0.333333; XLU:0.333333,1.3333333333,5.0000000000,0.0006666667,close-to-close same-close approximation
Top 3 momentum,2017-06-30,2017-07-03,QQQ XLK XLV,QQQ:0.333333; XLK:0.333333; XLU:0.333333,QQQ:0.333333; XLK:0.333333; XLV:0.333333,0.6666666667,5.0000000000,0.0003333333,close-to-close same-close approximation
Top 3 momentum,2017-08-31,2017-09-01,QQQ XLK XLU,QQQ:0.333333; XLK:0.333333; XLV:0.333333,QQQ:0.333333; XLK:0.333333; XLU:0.333333,0.6666666667,5.0000000000,0.0003333333,close-to-close same-close approximation
Top 3 momentum,2017-09-29,2017-10-02,QQQ XLK XLV,QQQ:0.333333; XLK:0.333333; XLU:0.333333,QQQ:0.333333; XLK:0.333333; XLV:0.333333,0.6666666667,5.0000000000,0.0003333333,close-to-close same-close approximation
Top 3 momentum,2017-10-31,2017-11-01,XLK XLF XLB,QQQ:0.333333; XLK:0.333333; XLV:0.333333,XLK:0.333333; XLF:0.333333; XLB:0.333333,1.3333333333,5.0000000000,0.0006666667,close-to-close same-close approximation
Top 3 momentum,2017-12-29,2018-01-02,QQQ XLK XLF,XLK:0.333333; XLF:0.333333; XLB:0.333333,QQQ:0.333333; XLK:0.333333; XLF:0.333333,0.6666666667,5.0000000000,0.0003333333,close-to-close same-close approximation
Top 3 momentum,2018-01-31,2018-02-01,XLK XLF XLY,QQQ:0.333333; XLK:0.333333; XLF:0.333333,XLK:0.333333; XLF:0.333333; XLY:0.333333,0.6666666667,5.0000000000,0.0003333333,close-to-close same-close approximation
Top 3 momentum,2018-03-29,2018-04-02,QQQ XLK XLY,XLK:0.333333; XLF:0.333333; XLY:0.333333,QQQ:0.333333; XLK:0.333333; XLY:0.333333,0.6666666667,5.0000000000,0.0003333333,close-to-close same-close approximation
Top 3 momentum,2018-04-30,2018-05-01,QQQ XLY XLE,QQQ:0.333333; XLK:0.333333; XLY:0.333333,QQQ:0.333333; XLY:0.333333; XLE:0.333333,0.6666666667,5.0000000000,0.0003333333,close-to-close same-close approximation
Top 3 momentum,2018-06-29,2018-07-02,QQQ XLK XLY,QQQ:0.333333; XLY:0.333333; XLE:0.333333,QQQ:0.333333; XLK:0.333333; XLY:0.333333,0.6666666667,5.0000000000,0.0003333333,close-to-close same-close approximation
Top 3 momentum,2018-07-31,2018-08-01,QQQ XLK XLU,QQQ:0.333333; XLK:0.333333; XLY:0.333333,QQQ:0.333333; XLK:0.333333; XLU:0.333333,0.6666666667,5.0000000000,0.0003333333,close-to-close same-close approximation
Top 3 momentum,2018-08-31,2018-09-04,QQQ XLY XLE,QQQ:0.333333; XLK:0.333333; XLU:0.333333,QQQ:0.333333; XLY:0.333333; XLE:0.333333,1.3333333333,5.0000000000,0.0006666667,close-to-close same-close approximation
Top 3 momentum,2018-09-28,2018-10-01,QQQ XLV XLY,QQQ:0.333333; XLY:0.333333; XLE:0.333333,QQQ:0.333333; XLV:0.333333; XLY:0.333333,0.6666666667,5.0000000000,0.0003333333,close-to-close same-close approximation
Top 3 momentum,2018-10-31,2018-11-01,XLV XLP XLU,QQQ:0.333333; XLV:0.333333; XLY:0.333333,XLV:0.333333; XLP:0.333333; XLU:0.333333,1.3333333333,5.0000000000,0.0006666667,close-to-close same-close approximation
Top 3 momentum,2019-03-29,2019-04-01,XLK XLP XLU,XLV:0.333333; XLP:0.333333; XLU:0.333333,XLK:0.333333; XLP:0.333333; XLU:0.333333,0.6666666667,5.0000000000,0.0003333333,close-to-close same-close approximation
Top 3 momentum,2019-04-30,2019-05-01,XLK XLY XLB,XLK:0.333333; XLP:0.333333; XLU:0.333333,XLK:0.333333; XLY:0.333333; XLB:0.333333,1.3333333333,5.0000000000,0.0006666667,close-to-close same-close approximation
Top 3 momentum,2019-05-31,2019-06-03,QQQ XLK XLU,XLK:0.333333; XLY:0.333333; XLB:0.333333,QQQ:0.333333; XLK:0.333333; XLU:0.333333,1.3333333333,5.0000000000,0.0006666667,close-to-close same-close approximation
Top 3 momentum,2019-06-28,2019-07-01,QQQ XLK XLY,QQQ:0.333333; XLK:0.333333; XLU:0.333333,QQQ:0.333333; XLK:0.333333; XLY:0.333333,0.6666666667,5.0000000000,0.0003333333,close-to-close same-close approximation
Top 3 momentum,2019-07-31,2019-08-01,QQQ XLK XLP,QQQ:0.333333; XLK:0.333333; XLY:0.333333,QQQ:0.333333; XLK:0.333333; XLP:0.333333,0.6666666667,5.0000000000,0.0003333333,close-to-close same-close approximation
Top 3 momentum,2019-08-30,2019-09-03,XLK XLP XLU,QQQ:0.333333; XLK:0.333333; XLP:0.333333,XLK:0.333333; XLP:0.333333; XLU:0.333333,0.6666666667,5.0000000000,0.0003333333,close-to-close same-close approximation
Top 3 momentum,2019-11-29,2019-12-02,QQQ XLK XLF,XLK:0.333333; XLP:0.333333; XLU:0.333333,QQQ:0.333333; XLK:0.333333; XLF:0.333333,1.3333333333,5.0000000000,0.0006666667,close-to-close same-close approximation
Top 3 momentum,2020-01-31,2020-02-03,QQQ XLK XLU,QQQ:0.333333; XLK:0.333333; XLF:0.333333,QQQ:0.333333; XLK:0.333333; XLU:0.333333,0.6666666667,5.0000000000,0.0003333333,close-to-close same-close approximation
Top 3 momentum,2020-02-28,2020-03-02,QQQ XLK XLV,QQQ:0.333333; XLK:0.333333; XLU:0.333333,QQQ:0.333333; XLK:0.333333; XLV:0.333333,0.6666666667,5.0000000000,0.0003333333,close-to-close same-close approximation
Top 3 momentum,2020-06-30,2020-07-01,QQQ XLK XLY,QQQ:0.333333; XLK:0.333333; XLV:0.333333,QQQ:0.333333; XLK:0.333333; XLY:0.333333,0.6666666667,5.0000000000,0.0003333333,close-to-close same-close approximation
Top 3 momentum,2020-10-30,2020-11-02,QQQ XLY XLB,QQQ:0.333333; XLK:0.333333; XLY:0.333333,QQQ:0.333333; XLY:0.333333; XLB:0.333333,0.6666666667,5.0000000000,0.0003333333,close-to-close same-close approximation
Top 3 momentum,2020-11-30,2020-12-01,QQQ XLI XLB,QQQ:0.333333; XLY:0.333333; XLB:0.333333,QQQ:0.333333; XLI:0.333333; XLB:0.333333,0.6666666667,5.0000000000,0.0003333333,close-to-close same-close approximation
Top 3 momentum,2020-12-31,2021-01-04,XLF XLI XLB,QQQ:0.333333; XLI:0.333333; XLB:0.333333,XLF:0.333333; XLI:0.333333; XLB:0.333333,0.6666666667,5.0000000000,0.0003333333,close-to-close same-close approximation
Top 3 momentum,2021-01-29,2021-02-01,QQQ XLK XLF,XLF:0.333333; XLI:0.333333; XLB:0.333333,QQQ:0.333333; XLK:0.333333; XLF:0.333333,1.3333333333,5.0000000000,0.0006666667,close-to-close same-close approximation
Top 3 momentum,2021-02-26,2021-03-01,XLF XLI XLE,QQQ:0.333333; XLK:0.333333; XLF:0.333333,XLF:0.333333; XLI:0.333333; XLE:0.333333,1.3333333333,5.0000000000,0.0006666667,close-to-close same-close approximation
Top 3 momentum,2021-05-28,2021-06-01,XLF XLE XLB,XLF:0.333333; XLI:0.333333; XLE:0.333333,XLF:0.333333; XLE:0.333333; XLB:0.333333,0.6666666667,5.0000000000,0.0003333333,close-to-close same-close approximation
Top 3 momentum,2021-06-30,2021-07-01,XLF XLI XLE,XLF:0.333333; XLE:0.333333; XLB:0.333333,XLF:0.333333; XLI:0.333333; XLE:0.333333,0.6666666667,5.0000000000,0.0003333333,close-to-close same-close approximation
Top 3 momentum,2021-08-31,2021-09-01,QQQ XLK XLV,XLF:0.333333; XLI:0.333333; XLE:0.333333,QQQ:0.333333; XLK:0.333333; XLV:0.333333,2.0000000000,5.0000000000,0.0010000000,close-to-close same-close approximation
Top 3 momentum,2021-10-29,2021-11-01,QQQ XLK XLE,QQQ:0.333333; XLK:0.333333; XLV:0.333333,QQQ:0.333333; XLK:0.333333; XLE:0.333333,0.6666666667,5.0000000000,0.0003333333,close-to-close same-close approximation
Top 3 momentum,2021-11-30,2021-12-01,QQQ XLK XLY,QQQ:0.333333; XLK:0.333333; XLE:0.333333,QQQ:0.333333; XLK:0.333333; XLY:0.333333,0.6666666667,5.0000000000,0.0003333333,close-to-close same-close approximation
Top 3 momentum,2021-12-31,2022-01-03,XLK XLY XLU,QQQ:0.333333; XLK:0.333333; XLY:0.333333,XLK:0.333333; XLY:0.333333; XLU:0.333333,0.6666666667,5.0000000000,0.0003333333,close-to-close same-close approximation
Top 3 momentum,2022-01-31,2022-02-01,XLF XLP XLE,XLK:0.333333; XLY:0.333333; XLU:0.333333,XLF:0.333333; XLP:0.333333; XLE:0.333333,2.0000000000,5.0000000000,0.0010000000,close-to-close same-close approximation
Top 3 momentum,2022-02-28,2022-03-01,XLP XLE XLU,XLF:0.333333; XLP:0.333333; XLE:0.333333,XLP:0.333333; XLE:0.333333; XLU:0.333333,0.6666666667,5.0000000000,0.0003333333,close-to-close same-close approximation
Top 3 momentum,2022-03-31,2022-04-01,XLE XLU XLB,XLP:0.333333; XLE:0.333333; XLU:0.333333,XLE:0.333333; XLU:0.333333; XLB:0.333333,0.6666666667,5.0000000000,0.0003333333,close-to-close same-close approximation
Top 3 momentum,2022-04-29,2022-05-02,XLP XLE XLU,XLE:0.333333; XLU:0.333333; XLB:0.333333,XLP:0.333333; XLE:0.333333; XLU:0.333333,0.6666666667,5.0000000000,0.0003333333,close-to-close same-close approximation
Top 3 momentum,2022-07-29,2022-08-01,XLV XLE XLU,XLP:0.333333; XLE:0.333333; XLU:0.333333,XLV:0.333333; XLE:0.333333; XLU:0.333333,0.6666666667,5.0000000000,0.0003333333,close-to-close same-close approximation
Top 3 momentum,2022-08-31,2022-09-01,XLP XLE XLU,XLV:0.333333; XLE:0.333333; XLU:0.333333,XLP:0.333333; XLE:0.333333; XLU:0.333333,0.6666666667,5.0000000000,0.0003333333,close-to-close same-close approximation
Top 3 momentum,2022-10-31,2022-11-01,XLV XLI XLE,XLP:0.333333; XLE:0.333333; XLU:0.333333,XLV:0.333333; XLI:0.333333; XLE:0.333333,1.3333333333,5.0000000000,0.0006666667,close-to-close same-close approximation
Top 3 momentum,2022-11-30,2022-12-01,XLV XLI XLP,XLV:0.333333; XLI:0.333333; XLE:0.333333,XLV:0.333333; XLI:0.333333; XLP:0.333333,0.6666666667,5.0000000000,0.0003333333,close-to-close same-close approximation
Top 3 momentum,2022-12-30,2023-01-03,XLF XLI XLE,XLV:0.333333; XLI:0.333333; XLP:0.333333,XLF:0.333333; XLI:0.333333; XLE:0.333333,1.3333333333,5.0000000000,0.0006666667,close-to-close same-close approximation
Top 3 momentum,2023-01-31,2023-02-01,XLF XLE XLB,XLF:0.333333; XLI:0.333333; XLE:0.333333,XLF:0.333333; XLE:0.333333; XLB:0.333333,0.6666666667,5.0000000000,0.0003333333,close-to-close same-close approximation
Top 3 momentum,2023-02-28,2023-03-01,XLF XLI XLB,XLF:0.333333; XLE:0.333333; XLB:0.333333,XLF:0.333333; XLI:0.333333; XLB:0.333333,0.6666666667,5.0000000000,0.0003333333,close-to-close same-close approximation
Top 3 momentum,2023-03-31,2023-04-03,XLK XLI XLB,XLF:0.333333; XLI:0.333333; XLB:0.333333,XLK:0.333333; XLI:0.333333; XLB:0.333333,0.6666666667,5.0000000000,0.0003333333,close-to-close same-close approximation
Top 3 momentum,2023-04-28,2023-05-01,QQQ XLK XLI,XLK:0.333333; XLI:0.333333; XLB:0.333333,QQQ:0.333333; XLK:0.333333; XLI:0.333333,0.6666666667,5.0000000000,0.0003333333,close-to-close same-close approximation
Top 3 momentum,2023-05-31,2023-06-01,QQQ XLK XLY,QQQ:0.333333; XLK:0.333333; XLI:0.333333,QQQ:0.333333; XLK:0.333333; XLY:0.333333,0.6666666667,5.0000000000,0.0003333333,close-to-close same-close approximation
Top 3 momentum,2023-09-29,2023-10-02,QQQ XLY XLE,QQQ:0.333333; XLK:0.333333; XLY:0.333333,QQQ:0.333333; XLY:0.333333; XLE:0.333333,0.6666666667,5.0000000000,0.0003333333,close-to-close same-close approximation
Top 3 momentum,2023-10-31,2023-11-01,QQQ XLK XLE,QQQ:0.333333; XLY:0.333333; XLE:0.333333,QQQ:0.333333; XLK:0.333333; XLE:0.333333,0.6666666667,5.0000000000,0.0003333333,close-to-close same-close approximation
Top 3 momentum,2023-11-30,2023-12-01,XLK XLF XLE,QQQ:0.333333; XLK:0.333333; XLE:0.333333,XLK:0.333333; XLF:0.333333; XLE:0.333333,0.6666666667,5.0000000000,0.0003333333,close-to-close same-close approximation
Top 3 momentum,2023-12-29,2024-01-02,QQQ XLK XLF,XLK:0.333333; XLF:0.333333; XLE:0.333333,QQQ:0.333333; XLK:0.333333; XLF:0.333333,0.6666666667,5.0000000000,0.0003333333,close-to-close same-close approximation
Top 3 momentum,2024-04-30,2024-05-01,QQQ XLF XLI,QQQ:0.333333; XLK:0.333333; XLF:0.333333,QQQ:0.333333; XLF:0.333333; XLI:0.333333,0.6666666667,5.0000000000,0.0003333333,close-to-close same-close approximation
Top 3 momentum,2024-05-31,2024-06-03,XLF XLI XLU,QQQ:0.333333; XLF:0.333333; XLI:0.333333,XLF:0.333333; XLI:0.333333; XLU:0.333333,0.6666666667,5.0000000000,0.0003333333,close-to-close same-close approximation
Top 3 momentum,2024-06-28,2024-07-01,SPY QQQ XLK,XLF:0.333333; XLI:0.333333; XLU:0.333333,SPY:0.333333; QQQ:0.333333; XLK:0.333333,2.0000000000,5.0000000000,0.0010000000,close-to-close same-close approximation
Top 3 momentum,2024-07-31,2024-08-01,SPY XLI XLU,SPY:0.333333; QQQ:0.333333; XLK:0.333333,SPY:0.333333; XLI:0.333333; XLU:0.333333,1.3333333333,5.0000000000,0.0006666667,close-to-close same-close approximation
Top 3 momentum,2024-08-30,2024-09-03,XLF XLP XLU,SPY:0.333333; XLI:0.333333; XLU:0.333333,XLF:0.333333; XLP:0.333333; XLU:0.333333,1.3333333333,5.0000000000,0.0006666667,close-to-close same-close approximation
Top 3 momentum,2024-09-30,2024-10-01,SPY XLP XLU,XLF:0.333333; XLP:0.333333; XLU:0.333333,SPY:0.333333; XLP:0.333333; XLU:0.333333,0.6666666667,5.0000000000,0.0003333333,close-to-close same-close approximation
Top 3 momentum,2024-10-31,2024-11-01,QQQ XLF XLU,SPY:0.333333; XLP:0.333333; XLU:0.333333,QQQ:0.333333; XLF:0.333333; XLU:0.333333,1.3333333333,5.0000000000,0.0006666667,close-to-close same-close approximation
Top 3 momentum,2024-11-29,2024-12-02,XLF XLY XLI,QQQ:0.333333; XLF:0.333333; XLU:0.333333,XLF:0.333333; XLY:0.333333; XLI:0.333333,1.3333333333,5.0000000000,0.0006666667,close-to-close same-close approximation
Top 3 momentum,2024-12-31,2025-01-02,XLF XLY XLU,XLF:0.333333; XLY:0.333333; XLI:0.333333,XLF:0.333333; XLY:0.333333; XLU:0.333333,0.6666666667,5.0000000000,0.0003333333,close-to-close same-close approximation
Top 3 momentum,2025-01-31,2025-02-03,QQQ XLF XLY,XLF:0.333333; XLY:0.333333; XLU:0.333333,QQQ:0.333333; XLF:0.333333; XLY:0.333333,0.6666666667,5.0000000000,0.0003333333,close-to-close same-close approximation
Top 3 momentum,2025-03-31,2025-04-01,XLF XLE XLU,QQQ:0.333333; XLF:0.333333; XLY:0.333333,XLF:0.333333; XLE:0.333333; XLU:0.333333,1.3333333333,5.0000000000,0.0006666667,close-to-close same-close approximation
Top 3 momentum,2025-04-30,2025-05-01,XLF XLP XLU,XLF:0.333333; XLE:0.333333; XLU:0.333333,XLF:0.333333; XLP:0.333333; XLU:0.333333,0.6666666667,5.0000000000,0.0003333333,close-to-close same-close approximation
Top 3 momentum,2025-05-30,2025-06-02,QQQ XLP XLU,XLF:0.333333; XLP:0.333333; XLU:0.333333,QQQ:0.333333; XLP:0.333333; XLU:0.333333,0.6666666667,5.0000000000,0.0003333333,close-to-close same-close approximation
Top 3 momentum,2025-06-30,2025-07-01,XLF XLI XLU,QQQ:0.333333; XLP:0.333333; XLU:0.333333,XLF:0.333333; XLI:0.333333; XLU:0.333333,1.3333333333,5.0000000000,0.0006666667,close-to-close same-close approximation
Top 3 momentum,2025-07-31,2025-08-01,XLK XLI XLU,XLF:0.333333; XLI:0.333333; XLU:0.333333,XLK:0.333333; XLI:0.333333; XLU:0.333333,0.6666666667,5.0000000000,0.0003333333,close-to-close same-close approximation
Top 3 momentum,2025-08-29,2025-09-02,QQQ XLK XLI,XLK:0.333333; XLI:0.333333; XLU:0.333333,QQQ:0.333333; XLK:0.333333; XLI:0.333333,0.6666666667,5.0000000000,0.0003333333,close-to-close same-close approximation
Top 3 momentum,2025-09-30,2025-10-01,QQQ XLK XLY,QQQ:0.333333; XLK:0.333333; XLI:0.333333,QQQ:0.333333; XLK:0.333333; XLY:0.333333,0.6666666667,5.0000000000,0.0003333333,close-to-close same-close approximation
Top 3 momentum,2025-10-31,2025-11-03,SPY QQQ XLK,QQQ:0.333333; XLK:0.333333; XLY:0.333333,SPY:0.333333; QQQ:0.333333; XLK:0.333333,0.6666666667,5.0000000000,0.0003333333,close-to-close same-close approximation
Top 3 momentum,2025-11-28,2025-12-01,QQQ XLK XLV,SPY:0.333333; QQQ:0.333333; XLK:0.333333,QQQ:0.333333; XLK:0.333333; XLV:0.333333,0.6666666667,5.0000000000,0.0003333333,close-to-close same-close approximation
Top 3 momentum,2026-01-30,2026-02-02,XLV XLE XLB,QQQ:0.333333; XLK:0.333333; XLV:0.333333,XLV:0.333333; XLE:0.333333; XLB:0.333333,1.3333333333,5.0000000000,0.0006666667,close-to-close same-close approximation
Top 3 momentum,2026-04-30,2026-05-01,XLI XLE XLB,XLV:0.333333; XLE:0.333333; XLB:0.333333,XLI:0.333333; XLE:0.333333; XLB:0.333333,0.6666666667,5.0000000000,0.0003333333,close-to-close same-close approximation
Top 3 momentum,2026-05-29,2026-06-01,QQQ XLK XLE,XLI:0.333333; XLE:0.333333; XLB:0.333333,QQQ:0.333333; XLK:0.333333; XLE:0.333333,1.3333333333,5.0000000000,0.0006666667,close-to-close same-close approximation
Top 3 momentum,2026-06-30,2026-07-01,XLK XLI XLE,QQQ:0.333333; XLK:0.333333; XLE:0.333333,XLK:0.333333; XLI:0.333333; XLE:0.333333,0.6666666667,5.0000000000,0.0003333333,close-to-close same-close approximation
